,source,target,interaction_type,pathway_effect,source_pathway,source_table
0,SQSTM1,KEAP1,negative,suppresses ferroptosis,"SQSTM1 :-: KEAP1, KEAP1 :-: NFE2L2, NFE2L2 :-: Ferroptosis",ferrdb_suppressor
1,KEAP1,NFE2L2,negative,suppresses ferroptosis,"SQSTM1 :-: KEAP1, KEAP1 :-: NFE2L2, NFE2L2 :-: Ferroptosis",ferrdb_suppressor
2,HSPA5,GPX4,positive,suppresses ferroptosis,"HSPA5 :+: GPX4, GPX4 :-: Lipid ROS, Lipid ROS :+: Ferroptosis",ferrdb_suppressor
3,ATF4,HSPA5,positive,suppresses ferroptosis,"ATF4 :+: HSPA5, HSPA5 :+: GPX4, GPX4 :-: Lipid ROS, Lipid ROS :+: Ferroptosis",ferrdb_suppressor
4,ATF4,xCT,positive,suppresses ferroptosis,"ATF4 :+: xCT, xCT :-: Lipid ROS, Lipid ROS :+: Ferroptosis",ferrdb_suppressor
5,NFE2L2,xCT,positive,suppresses ferroptosis,"NFE2L2 :+: xCT, xCT :-: Lipid ROS, Lipid ROS :+: Ferroptosis",ferrdb_suppressor
6,HELLS,GLUT1,positive,suppresses ferroptosis,"HELLS :+: GLUT1, HELLS :+: SCD, HELLS :+: FADS2, GLUT1 :-: Ferroptosis, SCD :-: Ferroptosis, FADS2 :-: Ferroptosis",ferrdb_suppressor
7,HELLS,SCD,positive,suppresses ferroptosis,"HELLS :+: GLUT1, HELLS :+: SCD, HELLS :+: FADS2, GLUT1 :-: Ferroptosis, SCD :-: Ferroptosis, FADS2 :-: Ferroptosis",ferrdb_suppressor
8,HELLS,FADS2,positive,suppresses ferroptosis,"HELLS :+: GLUT1, HELLS :+: SCD, HELLS :+: FADS2, GLUT1 :-: Ferroptosis, SCD :-: Ferroptosis, FADS2 :-: Ferroptosis",ferrdb_suppressor
9,SRC,STAT3,positive,suppresses ferroptosis,"SRC :+: STAT3, STAT3 :-: ACSL4, ACSL4 :+: Ferroptosis",ferrdb_suppressor
10,STAT3,ACSL4,negative,suppresses ferroptosis,"SRC :+: STAT3, STAT3 :-: ACSL4, ACSL4 :+: Ferroptosis",ferrdb_suppressor
11,NFE2L2,SLC7A11,positive,suppresses ferroptosis,"NFE2L2 :+: SLC7A11, SLC7A11 :-: Ferroptosis",ferrdb_suppressor
12,NFS1,TFRC,negative,suppresses ferroptosis,"NFS1 :-: TFRC, TFRC :+: Ferroptosis",ferrdb_suppressor
13,TP53,CDKN1A,positive,suppresses ferroptosis,"TP53 :+: CDKN1A, CDKN1A :+: GSH, GSH :-: Lipid ROS, Lipid ROS :+: Ferroptosis",ferrdb_suppressor
14,FH,GPX4,positive,suppresses ferroptosis,"FH :+: GPX4, GPX4 :-: Ferroptosis",ferrdb_suppressor
15,NFE2L2,FTH1,positive,suppresses ferroptosis,"NFE2L2 :+: FTH1, FTH1 :-: Ferroptosis, NFE2L2 :+: FPN, FPN :-: Ferroptosis, NFE2L2 :+: HO-1, HO-1 :-: Ferroptosis",ferrdb_suppressor
16,NFE2L2,FPN,positive,suppresses ferroptosis,"NFE2L2 :+: FTH1, FTH1 :-: Ferroptosis, NFE2L2 :+: FPN, FPN :-: Ferroptosis, NFE2L2 :+: HO-1, HO-1 :-: Ferroptosis",ferrdb_suppressor
17,NFE2L2,HO-1,positive,suppresses ferroptosis,"NFE2L2 :+: FTH1, FTH1 :-: Ferroptosis, NFE2L2 :+: FPN, FPN :-: Ferroptosis, NFE2L2 :+: HO-1, HO-1 :-: Ferroptosis",ferrdb_suppressor
18,SQSTM1,NFE2L2,positive,suppresses ferroptosis,"SQSTM1 :+: NFE2L2, NFE2L2 :+: FTH1, FTH1 :-: Ferroptosis, NFE2L2 :+: FPN, FPN :-: Ferroptosis, NFE2L2 :+: HO-1, HO-1 :-: Ferroptosis",ferrdb_suppressor
19,OTUB1,SLC7A11,positive,suppresses ferroptosis,"OTUB1 :+: SLC7A11, SLC7A11 :-: Ferroptosis",ferrdb_suppressor
20,CD44,SLC7A11,positive,suppresses ferroptosis,"CD44 :+: SLC7A11, SLC7A11 :-: Ferroptosis",ferrdb_suppressor
21,NF2,YAP,negative,suppresses ferroptosis,"NF2 :-: YAP, YAP :+: Ferroptosis",ferrdb_suppressor
22,ARNTL,EGLN2,negative,suppresses ferroptosis,"ARNTL :-: EGLN2, EGLN2 :-: HIF1A, HIF1A  :-: Lipid ROS, Lipid ROS :+: Ferroptosis",ferrdb_suppressor
23,EGLN2,HIF1A,negative,suppresses ferroptosis,"ARNTL :-: EGLN2, EGLN2 :-: HIF1A, HIF1A  :-: Lipid ROS, Lipid ROS :+: Ferroptosis",ferrdb_suppressor
24,ZFP36,ATG16L1,negative,suppresses ferroptosis,"ZFP36 :-: ATG16L1, ATG16L1 :+: Ferroptosis",ferrdb_suppressor
25,NFE2L2,CBS,positive,suppresses ferroptosis,"NFE2L2 :+: CBS, CBS :+: Cystathionine, Cystathionine :+: Cysteine, Cysteine :+: GSH, GSH :-: Lipid ROS, Lipid ROS :+: Ferroptosis",ferrdb_suppressor
26,xCT,GPX4,positive,promotes ferroptosis,"CAV-1 :+: xCT, xCT :+: GPX4, GPX4 :-: Ferroptosis, CAV-1 :-: RNS, RNS :+: Ferroptosis",ferrdb_suppressor
27,HMGB1,ACSL4,positive,suppresses ferroptosis,"PIR :-: oxidative DNA damage, oxidative DNA damage :+: HMGB1, HMGB1 :+: ACSL4, ACSL4 :+: Ferroptosis",ferrdb_suppressor
28,AMPK,SREBP1,negative,promotes ferroptosis,"(HCAR1/MCT1) :-: (AMP/ATP), (AMP/ATP) :+: AMPK, AMPK :-: SREBP1, SREBP1 :+: SCD1, SCD1 :-: Ferroptosis, (HCAR1/MCT1) :-: ACSL4, ACSL4 :+: Ferroptosis",ferrdb_suppressor
29,SREBP1,SCD1,positive,promotes ferroptosis,"(HCAR1/MCT1) :-: (AMP/ATP), (AMP/ATP) :+: AMPK, AMPK :-: SREBP1, SREBP1 :+: SCD1, SCD1 :-: Ferroptosis, (HCAR1/MCT1) :-: ACSL4, ACSL4 :+: Ferroptosis",ferrdb_suppressor
30,RRM2,GSS,positive,suppresses ferroptosis,"RRM2 :+: GSS, GSS :+: GSH, GSH :-: Ferroptosis",ferrdb_suppressor
31,SREBP2,TF,positive,suppresses ferroptosis,"SREBP2 :+: TF, TF :-: ROS, ROS :+: Lipid peroxidation, Lipid peroxidation :+: Ferroptosis",ferrdb_suppressor
32,FZD7,GPX4,positive,suppresses ferroptosis,"FZD7 :+: GPX4, GPX4 :-: Ferroptosis",ferrdb_suppressor
33,SUV39H1,DPP4,negative,suppresses ferroptosis,"SUV39H1 :-: DPP4, DPP4 :+: Ferroptosis",ferrdb_suppressor
34,ATF2,NRF2,positive,suppresses ferroptosis,"ATF2 :+: NRF2, NRF2 :-: Ferroptosis",ferrdb_suppressor
35,LKB1,AMPK,positive,suppresses ferroptosis,"LKB1 :+: AMPK, AMPK :-: ACC1, ACC1 :+: FAS, FAS :+: Ferroptosis",ferrdb_suppressor
36,AMPK,ACC1,negative,suppresses ferroptosis,"LKB1 :+: AMPK, AMPK :-: ACC1, ACC1 :+: FAS, FAS :+: Ferroptosis",ferrdb_suppressor
37,ACC1,FAS,positive,suppresses ferroptosis,"LKB1 :+: AMPK, AMPK :-: ACC1, ACC1 :+: FAS, FAS :+: Ferroptosis",ferrdb_suppressor
38,NFE2L2,FOCAD,negative,suppresses ferroptosis,"NFE2L2 :-: FOCAD, FOCAD :+: FAK, FAK :+: Ferroptosis",ferrdb_suppressor
39,FOCAD,FAK,positive,suppresses ferroptosis,"NFE2L2 :-: FOCAD, FOCAD :+: FAK, FAK :+: Ferroptosis",ferrdb_suppressor
40,NEDD4L,LTF,negative,suppresses ferroptosis,"NEDD4L :-: LTF, LTF :+: Ferroptosis",ferrdb_suppressor
41,SCD,SLC7A11,positive,promotes ferroptosis,"SCD :+: SLC7A11, SLC7A11 :-: Ferroptosis, SCD :+: GPX4, GPX4 :-: Ferroptosis",ferrdb_suppressor
42,SCD,GPX4,positive,promotes ferroptosis,"SCD :+: SLC7A11, SLC7A11 :-: Ferroptosis, SCD :+: GPX4, GPX4 :-: Ferroptosis",ferrdb_suppressor
43,SLC7A11,Glutathione,positive,suppresses ferroptosis,"SLC7A11 :+: Cystine, Cystine :-: Ferroptosis, SLC7A11 :+: Glutathione, Glutathione :-: Ferroptosis, SLC7A11 :-: Lipid ROS, Lipid ROS :+: Ferroptosis",ferrdb_suppressor
44,ARF6,ACSL4,negative,suppresses ferroptosis,"ARF6 :-: ACSL4, ACSL4 :+: Ferroptosis",ferrdb_suppressor
45,GDF15,SLC7A11,positive,promotes ferroptosis,"GDF15 :+: SLC7A11, SLC7A11 :-: Ferroptosis, GDF15 :+: System Xc-, System Xc- :-: Ferroptosis",ferrdb_suppressor
46,KDM3B,SLC7A11,positive,suppresses ferroptosis,"KDM3B :+: SLC7A11, SLC7A11 :-: Ferroptosis",ferrdb_suppressor
47,PARK7,AHCY,positive,suppresses ferroptosis,"PARK7 :-: Lipid ROS, Lipid ROS :+: Ferroptosis, PARK7 :+: GSH, GSH :-: Ferroptosis, PARK7 :+: AHCY, AHCY :-: Ferroptosis",ferrdb_suppressor
48,SIAH2,GPX4,positive,suppresses ferroptosis,"SIAH2 :+: GPX4, GPX4 :-: Ferroptosis",ferrdb_suppressor
49,AIFM2,ESCRT-III,positive,suppresses ferroptosis,"AIFM2 :+: ESCRT-III, ESCRT-III :-: Ferroptosis",ferrdb_suppressor
50,AR,GPX4,positive,suppresses ferroptosis,"AR :+: GPX4, GPX4 :-: Lipid ROS, Lipid ROS :+: Ferroptosis",ferrdb_suppressor
51,CHMP5,HMGB1,negative,suppresses ferroptosis,"CHMP5 :-: HMGB1, HMGB1 :+: Ferroptosis",ferrdb_suppressor
52,CHMP6,HMGB1,negative,suppresses ferroptosis,"CHMP6 :-: HMGB1, HMGB1 :+: Ferroptosis",ferrdb_suppressor
53,MTF1,ATM,negative,suppresses ferroptosis,"MTF1 :-: ATM, ATM :-: FPN1, FPN1 :-: Fe, ATM :-: FTH1, FTH1 :-: Fe, ATM :-: FTL, FTL :-: Fe, Fe :+: Ferroptosis",ferrdb_suppressor
54,ATM,FPN1,negative,suppresses ferroptosis,"MTF1 :-: ATM, ATM :-: FPN1, FPN1 :-: Fe, ATM :-: FTH1, FTH1 :-: Fe, ATM :-: FTL, FTL :-: Fe, Fe :+: Ferroptosis",ferrdb_suppressor
55,FPN1,Fe,negative,suppresses ferroptosis,"MTF1 :-: ATM, ATM :-: FPN1, FPN1 :-: Fe, ATM :-: FTH1, FTH1 :-: Fe, ATM :-: FTL, FTL :-: Fe, Fe :+: Ferroptosis",ferrdb_suppressor
56,ATM,FTH1,negative,suppresses ferroptosis,"MTF1 :-: ATM, ATM :-: FPN1, FPN1 :-: Fe, ATM :-: FTH1, FTH1 :-: Fe, ATM :-: FTL, FTL :-: Fe, Fe :+: Ferroptosis",ferrdb_suppressor
57,FTH1,Fe,negative,suppresses ferroptosis,"MTF1 :-: ATM, ATM :-: FPN1, FPN1 :-: Fe, ATM :-: FTH1, FTH1 :-: Fe, ATM :-: FTL, FTL :-: Fe, Fe :+: Ferroptosis",ferrdb_suppressor
58,ATM,FTL,negative,suppresses ferroptosis,"MTF1 :-: ATM, ATM :-: FPN1, FPN1 :-: Fe, ATM :-: FTH1, FTH1 :-: Fe, ATM :-: FTL, FTL :-: Fe, Fe :+: Ferroptosis",ferrdb_suppressor
59,FTL,Fe,negative,suppresses ferroptosis,"MTF1 :-: ATM, ATM :-: FPN1, FPN1 :-: Fe, ATM :-: FTH1, FTH1 :-: Fe, ATM :-: FTL, FTL :-: Fe, Fe :+: Ferroptosis",ferrdb_suppressor
60,COPZ1,NCOA4,negative,suppresses ferroptosis,"COPZ1 :-: NCOA4, NCOA4 :-: ferritin, ferritin :-: ferrous iron, ferrous iron :+: Ferroptosis",ferrdb_suppressor
61,NCOA4,ferritin,negative,suppresses ferroptosis,"COPZ1 :-: NCOA4, NCOA4 :-: ferritin, ferritin :-: ferrous iron, ferrous iron :+: Ferroptosis",ferrdb_suppressor
62,NUPR1,LCN2,positive,suppresses ferroptosis,"NUPR1 :-: Lipid ROS, Lipid ROS :+: Ferroptosis, NUPR1 :+: LCN2, LCN2 :-: Fe2, Fe2 :+: Ferroptosis, NUPR1 :+: LCN2, LCN2 :-: MDA, MDA :+: Ferroptosis",ferrdb_suppressor
63,USP35,FPN,positive,suppresses ferroptosis,"USP35 :+: FPN, FPN :-: Fe2, Fe2 :+: Ferroptosis",ferrdb_suppressor
64,HSF1,PROM2,positive,suppresses ferroptosis,"HSF1 :+: PROM2, PROM2 :-: Ferroptosis",ferrdb_suppressor
65,HIF1A,PTGS2,negative,suppresses ferroptosis,"HIF1A :-: iron accumulation, iron accumulation :+: Ferroptosis, HIF1A :-: Lpid ROS, Lipid ROS :+: Ferroptosis, HIF1A :-: PTGS2, PTGS2 :+: Ferroptosis, HIF1A :-: MDA, MDA :+: Ferroptosis, HIF1A :+: GSH, GSH :-: Ferroptosis",ferrdb_suppressor
66,RRM2,glutathione,positive,promotes ferroptosis,"RRM2 :+: glutathione, glutathione :-: Ferroptosis, RRM2 :-: iron accumulation, iron accumulation :+: Ferroptosis, RRM2 :-: Lipid ROS, Lpid ROS :+: Ferroptosis, RRM2 :-: MDA, MDA :+: Ferroptosis",ferrdb_suppressor
67,PDSS2,Nrf2,positive,suppresses ferroptosis,"PDSS2 :+: Nrf2, Nrf2 :-: iron content, iron content :+: Ferroptosis, PDSS2 :+: Nrf2, Nrf2 :-: Lipid ROS, Lipid ROS :+: Ferroptosis, PDSS2 :+: Nrf2, Nrf2 :+: GSH, GSH :-: Ferroptosis",ferrdb_suppressor
68,SIRT1,GPX4,positive,promotes ferroptosis,"SIRT1 :-: Lpid ROS, Lipid ROS :+: Ferroptosis, SIRT1 :+: GPX4, GPX4 :-: Ferroptosis",ferrdb_suppressor
69,TYRO3,AKT,positive,promotes ferroptosis,"TYRO3 :-: Lipid ROS, Lipid ROS :+: Ferroptosis, TYRO3 :+: AKT, AKT :+: NRF2, NRF2 :-: Ferroptosis",ferrdb_suppressor
70,AKT,NRF2,positive,promotes ferroptosis,"TYRO3 :-: Lipid ROS, Lipid ROS :+: Ferroptosis, TYRO3 :+: AKT, AKT :+: NRF2, NRF2 :-: Ferroptosis",ferrdb_suppressor
71,SIRT6,GPX4,positive,promotes ferroptosis,"SIRT6 :+: GPX4, GPX4 :-: Ferroptosis, SIRT6 :-: Lipid ROS, Lipid ROS :+: Ferroptosis, SIRT6 :-: Fe2+, Fe2+ :+: Ferroptosis, SIRT6 :-: MDA, MDA :+: Ferroptosis, SIRT6 :+: GSH, GSH :-: Ferroptosis, SIRT6 :+: NRF2, NRF2 :-: Ferroptosis",ferrdb_suppressor
72,SIRT6,NRF2,positive,promotes ferroptosis,"SIRT6 :+: GPX4, GPX4 :-: Ferroptosis, SIRT6 :-: Lipid ROS, Lipid ROS :+: Ferroptosis, SIRT6 :-: Fe2+, Fe2+ :+: Ferroptosis, SIRT6 :-: MDA, MDA :+: Ferroptosis, SIRT6 :+: GSH, GSH :-: Ferroptosis, SIRT6 :+: NRF2, NRF2 :-: Ferroptosis",ferrdb_suppressor
73,KIF20A,NUAK1,positive,suppresses ferroptosis,"KIF20A :+: NUAK1, NUAK1 :+: NRF2, NRF2 :+: GPX4, GPX4 :-: Ferroptosis",ferrdb_suppressor
74,NUAK1,NRF2,positive,suppresses ferroptosis,"KIF20A :+: NUAK1, NUAK1 :+: NRF2, NRF2 :+: GPX4, GPX4 :-: Ferroptosis",ferrdb_suppressor
75,NRF2,GPX4,positive,suppresses ferroptosis,"KIF20A :+: NUAK1, NUAK1 :+: NRF2, NRF2 :+: GPX4, GPX4 :-: Ferroptosis",ferrdb_suppressor
76,ECH1,GPX4,positive,suppresses ferroptosis,"ECH1 :+: GPX4, GPX4 :-: Ferroptosis",ferrdb_suppressor
77,ETV4,SLC7A11,positive,suppresses ferroptosis,"ETV4 :+: SLC7A11, SLC7A11 :-: Ferroptosis",ferrdb_suppressor
78,RBMS1,SLC7A11,positive,suppresses ferroptosis,"RBMS1 :+: SLC7A11, SLC7A11 :-: Ferroptosis",ferrdb_suppressor
79,KDM4A,SLC7A11,positive,suppresses ferroptosis,"KDM4A :-: lipid peroxidation, lipid peroxidation :+: Ferroptosis, KDM4A :+: GSH, GSH :-: Ferroptosis, KDM4A :+: SLC7A11, SLC7A11 :-: Ferroptosis",ferrdb_suppressor
80,MGST1,ALOX5,negative,suppresses ferroptosis,"MGST1 :-: ALOX5, ALOX5 :+: Lipid ROS, Lipid ROS :+: Ferroptosis",ferrdb_suppressor
81,CAMKK2,NRF2,positive,suppresses ferroptosis,"CAMKK2 :+: NRF2, NRF2 :-: Ferroptosis",ferrdb_suppressor
82,SOX2,SLC7A11,positive,suppresses ferroptosis,"SOX2 :+: SLC7A11, SLC7A11 :-: Ferroptosis",ferrdb_suppressor
83,SRSF9,GPX4,positive,suppresses ferroptosis,"SRSF9 :+: GPX4, GPX4 :-: Ferroptosis",ferrdb_suppressor
84,MEF2C,NF2,positive,promotes ferroptosis,"MEF2C :+: NF2, NF2 :-: Ferroptosis, MEF2C :+: E-Cadherin, E-Cadherin :-: Ferroptosis",ferrdb_suppressor
85,NF2,GPX4,positive,promotes ferroptosis,"NF2 :+: GPX4, GPX4 :-: Ferroptosis, NF2 :-: ACSL4, ACSL4 :+: Ferroptosis",ferrdb_suppressor
86,NF2,ACSL4,negative,promotes ferroptosis,"NF2 :+: GPX4, GPX4 :-: Ferroptosis, NF2 :-: ACSL4, ACSL4 :+: Ferroptosis",ferrdb_suppressor
87,CDH1,GPX4,positive,promotes ferroptosis,"CDH1 :+: GPX4, GPX4 :-: Ferroptosis, CDH1 :-: ACSL4, ACSL4 :+: Ferroptosis",ferrdb_suppressor
88,CDH1,ACSL4,negative,promotes ferroptosis,"CDH1 :+: GPX4, GPX4 :-: Ferroptosis, CDH1 :-: ACSL4, ACSL4 :+: Ferroptosis",ferrdb_suppressor
89,HSPB1,SLC7A11,positive,promotes ferroptosis,"HSPB1 :+: SLC7A11, SLC7A11 :-: Ferroptosis, HSPB1 :+: HO-1, HO-1 :-: Ferroptosis",ferrdb_suppressor
90,HSPB1,HO-1,positive,promotes ferroptosis,"HSPB1 :+: SLC7A11, SLC7A11 :-: Ferroptosis, HSPB1 :+: HO-1, HO-1 :-: Ferroptosis",ferrdb_suppressor
91,PEDS1,FAR1,negative,suppresses ferroptosis,"PEDS1 :-: FAR1, FAR1 :+: Ferroptosis",ferrdb_suppressor
92,CDC25A,ERBB2,positive,suppresses ferroptosis,"CDC25A :+: ERBB2, ERBB2 :-: Ferroptosis",ferrdb_suppressor
93,G6PD,POR,negative,suppresses ferroptosis,"G6PD :-: POR, POR :+: Ferroptosis",ferrdb_suppressor
94,CISD2,Beclin 1,negative,suppresses ferroptosis,"CISD2 :-: Beclin 1, Beclin 1 :+: Ferroptosis",ferrdb_suppressor
95,TRIB2,TFRC,negative,suppresses ferroptosis,"TRIB2 :-: TFRC, TFRC :+: Ferroptosis",ferrdb_suppressor
96,SLC7A11,NRF2,positive,suppresses ferroptosis,"SLC7A11 :+: NRF2, NRF2 :-: Ferroptosis",ferrdb_suppressor
97,PTPN18,p-P38,negative,suppresses ferroptosis,"PTPN18 :-: p-P38, p-P38 :-: GPX4, GPX4 :-: Ferroptosis",ferrdb_suppressor
98,p-P38,GPX4,negative,suppresses ferroptosis,"PTPN18 :-: p-P38, p-P38 :-: GPX4, GPX4 :-: Ferroptosis",ferrdb_suppressor
99,FTH1,ACSL4,negative,suppresses ferroptosis,"FTH1 :-: ACSL4, ACSL4 :+: Ferroptosis",ferrdb_suppressor
100,FTL,FSP1,positive,suppresses ferroptosis,"FTL :+: FSP1, FSP1 :-: Ferroptosis",ferrdb_suppressor
101,ABCC5,SLC7A11,positive,suppresses ferroptosis,"ABCC5 :+: SLC7A11, SLC7A11 :-: Ferroptosis",ferrdb_suppressor
102,LCN2,ETS1,positive,suppresses ferroptosis,"LCN2 :+: ETS1, ETS1 :+: SLC7A11, SLC7A11 :-: Ferroptosis",ferrdb_suppressor
103,ETS1,SLC7A11,positive,suppresses ferroptosis,"LCN2 :+: ETS1, ETS1 :+: SLC7A11, SLC7A11 :-: Ferroptosis",ferrdb_suppressor
104,GALNT14,EGFR,positive,suppresses ferroptosis,"GALNT14 :+: EGFR, EGFR :+: mTOR, mTOR :-: Ferroptosis",ferrdb_suppressor
105,EGFR,mTOR,positive,suppresses ferroptosis,"GALNT14 :+: EGFR, EGFR :+: mTOR, mTOR :-: Ferroptosis",ferrdb_suppressor
106,KLHDC3,p14ARF,negative,promotes ferroptosis,"KLHDC3 :-: p14ARF, p14ARF :-: NRF2, NRF2 :+: SLC7A11, SLC7A11 :-: Ferroptosis, KLHDC3 :-: p14ARF, p14ARF :-: MDM2, MDM2 :-: p53, p53 :-: SLC7A11, SLC7A11 :-: Ferroptosis",ferrdb_suppressor
107,p14ARF,NRF2,negative,promotes ferroptosis,"KLHDC3 :-: p14ARF, p14ARF :-: NRF2, NRF2 :+: SLC7A11, SLC7A11 :-: Ferroptosis, KLHDC3 :-: p14ARF, p14ARF :-: MDM2, MDM2 :-: p53, p53 :-: SLC7A11, SLC7A11 :-: Ferroptosis",ferrdb_suppressor
108,NRF2,SLC7A11,positive,promotes ferroptosis,"KLHDC3 :-: p14ARF, p14ARF :-: NRF2, NRF2 :+: SLC7A11, SLC7A11 :-: Ferroptosis, KLHDC3 :-: p14ARF, p14ARF :-: MDM2, MDM2 :-: p53, p53 :-: SLC7A11, SLC7A11 :-: Ferroptosis",ferrdb_suppressor
109,p14ARF,MDM2,negative,promotes ferroptosis,"KLHDC3 :-: p14ARF, p14ARF :-: NRF2, NRF2 :+: SLC7A11, SLC7A11 :-: Ferroptosis, KLHDC3 :-: p14ARF, p14ARF :-: MDM2, MDM2 :-: p53, p53 :-: SLC7A11, SLC7A11 :-: Ferroptosis",ferrdb_suppressor
110,MDM2,p53,negative,promotes ferroptosis,"KLHDC3 :-: p14ARF, p14ARF :-: NRF2, NRF2 :+: SLC7A11, SLC7A11 :-: Ferroptosis, KLHDC3 :-: p14ARF, p14ARF :-: MDM2, MDM2 :-: p53, p53 :-: SLC7A11, SLC7A11 :-: Ferroptosis",ferrdb_suppressor
111,p53,SLC7A11,negative,promotes ferroptosis,"KLHDC3 :-: p14ARF, p14ARF :-: NRF2, NRF2 :+: SLC7A11, SLC7A11 :-: Ferroptosis, KLHDC3 :-: p14ARF, p14ARF :-: MDM2, MDM2 :-: p53, p53 :-: SLC7A11, SLC7A11 :-: Ferroptosis",ferrdb_suppressor
112,USP11,NRF2,positive,suppresses ferroptosis,"USP11 :+: NRF2, NRF2 :-: Ferroptosis",ferrdb_suppressor
113,NFE2L1,GPX4,positive,suppresses ferroptosis,"NFE2L1 :+: GPX4, GPX4 :-: Ferroptosis",ferrdb_suppressor
114,HLF,GGT1,positive,suppresses ferroptosis,"HLF :+: GGT1, GGT1 :+: GPX4, GPX4 :-: Ferroptosis",ferrdb_suppressor
115,GGT1,GPX4,positive,suppresses ferroptosis,"HLF :+: GGT1, GGT1 :+: GPX4, GPX4 :-: Ferroptosis",ferrdb_suppressor
116,AMPK,SCD1,negative,suppresses ferroptosis,"TIGAR :-: ROS, ROS :+: AMPK, AMPK :-: SCD1, SCD1 :-: Ferroptosis",ferrdb_suppressor
117,STAT3,GPX4,positive,suppresses ferroptosis,"STAT3 :+: GPX4, GPX4 :-: Ferroptosis, STAT3 :+: SLC7A11, SLC7A11 :-: Ferroptosis, STAT3 :+: FTH1, FTH1 :-: Ferroptosis",ferrdb_suppressor
118,STAT3,SLC7A11,positive,suppresses ferroptosis,"STAT3 :+: GPX4, GPX4 :-: Ferroptosis, STAT3 :+: SLC7A11, SLC7A11 :-: Ferroptosis, STAT3 :+: FTH1, FTH1 :-: Ferroptosis",ferrdb_suppressor
119,STAT3,FTH1,positive,suppresses ferroptosis,"STAT3 :+: GPX4, GPX4 :-: Ferroptosis, STAT3 :+: SLC7A11, SLC7A11 :-: Ferroptosis, STAT3 :+: FTH1, FTH1 :-: Ferroptosis",ferrdb_suppressor
120,LRP8,GPX4,positive,suppresses ferroptosis,"LRP8 :+: GPX4, GPX4 :-: Ferroptosis",ferrdb_suppressor
121,DKK1,SLC7A11,positive,suppresses ferroptosis,"DKK1 :+: SLC7A11, SLC7A11 :-: Ferroptosis",ferrdb_suppressor
122,NKAP,SLC7A11,positive,suppresses ferroptosis,"NKAP :+: SLC7A11, SLC7A11 :-: Ferroptosis",ferrdb_suppressor
123,PSTK,GPX4,positive,suppresses ferroptosis,"PSTK :+: GPX4, GPX4 :-: Ferroptosis",ferrdb_suppressor
124,LTBP2,GPX4,positive,suppresses ferroptosis,"LTBP2 :+: GPX4, GPX4 :-: Ferroptosis",ferrdb_suppressor
125,NUP62,Keap1,negative,suppresses ferroptosis,"NUP62 :-: Keap1, Keap1 :-: NRF2, NRF2 :-: Ferroptosis",ferrdb_suppressor
126,Keap1,NRF2,negative,suppresses ferroptosis,"NUP62 :-: Keap1, Keap1 :-: NRF2, NRF2 :-: Ferroptosis",ferrdb_suppressor
127,ALG3,GPX4,positive,suppresses ferroptosis,"ALG3 :+: GPX4, GPX4 :-: Ferroptosis, ALG3 :+: SLC7A11, SLC7A11 :-: Ferroptosis, ALG3 :+: NRF2, NRF2 :-: Ferroptosis",ferrdb_suppressor
128,ALG3,SLC7A11,positive,suppresses ferroptosis,"ALG3 :+: GPX4, GPX4 :-: Ferroptosis, ALG3 :+: SLC7A11, SLC7A11 :-: Ferroptosis, ALG3 :+: NRF2, NRF2 :-: Ferroptosis",ferrdb_suppressor
129,ALG3,NRF2,positive,suppresses ferroptosis,"ALG3 :+: GPX4, GPX4 :-: Ferroptosis, ALG3 :+: SLC7A11, SLC7A11 :-: Ferroptosis, ALG3 :+: NRF2, NRF2 :-: Ferroptosis",ferrdb_suppressor
130,LCN2,GPX4,positive,suppresses ferroptosis,"LCN2 :+: GPX4, GPX4 :-: Ferroptosis",ferrdb_suppressor
131,FAM98A,SLC7A11,positive,suppresses ferroptosis,"FAM98A :+: SLC7A11, SLC7A11 :-: Ferroptosis",ferrdb_suppressor
132,STEAP3,TP53,negative,promotes ferroptosis,"STEAP3 :-: TP53, TP53 :+: Ferroptosis, STEAP3 :+: SLC7A11, SLC7A11 :-: Ferroptosis",ferrdb_suppressor
133,STEAP3,SLC7A11,positive,promotes ferroptosis,"STEAP3 :-: TP53, TP53 :+: Ferroptosis, STEAP3 :+: SLC7A11, SLC7A11 :-: Ferroptosis",ferrdb_suppressor
134,CUL9,HNRNPC,negative,suppresses ferroptosis,"CUL9 :-: HNRNPC, HNRNPC :+: MATE1, MATE1 :+: Ferroptosis",ferrdb_suppressor
135,HNRNPC,MATE1,positive,suppresses ferroptosis,"CUL9 :-: HNRNPC, HNRNPC :+: MATE1, MATE1 :+: Ferroptosis",ferrdb_suppressor
136,SCD1,SLC7A11,positive,suppresses ferroptosis,"SCD1 :+: SLC7A11, SLC7A11 :+: GPX4, GPX4 :-: Ferroptosis ",ferrdb_suppressor
137,SLC7A11,GPX4,positive,suppresses ferroptosis,"SCD1 :+: SLC7A11, SLC7A11 :+: GPX4, GPX4 :-: Ferroptosis ",ferrdb_suppressor
138,NOD1,SLC40A1,positive,suppresses ferroptosis,"NOD1 :+: SLC40A1, SLC40A1 :-: Ferroptosis, NOD1 :+: GPX4, GPX4 :-: Ferroptosis, NOD1 :+: SPIC, SPIC :-: Ferroptosis, NOD1 :+: HMOX1, HMOX1 :-: Ferroptosis, NOD1 :+: COL1A1, COL1A1 :-: Ferroptosis",ferrdb_suppressor
139,NOD1,GPX4,positive,suppresses ferroptosis,"NOD1 :+: SLC40A1, SLC40A1 :-: Ferroptosis, NOD1 :+: GPX4, GPX4 :-: Ferroptosis, NOD1 :+: SPIC, SPIC :-: Ferroptosis, NOD1 :+: HMOX1, HMOX1 :-: Ferroptosis, NOD1 :+: COL1A1, COL1A1 :-: Ferroptosis",ferrdb_suppressor
140,NOD1,SPIC,positive,suppresses ferroptosis,"NOD1 :+: SLC40A1, SLC40A1 :-: Ferroptosis, NOD1 :+: GPX4, GPX4 :-: Ferroptosis, NOD1 :+: SPIC, SPIC :-: Ferroptosis, NOD1 :+: HMOX1, HMOX1 :-: Ferroptosis, NOD1 :+: COL1A1, COL1A1 :-: Ferroptosis",ferrdb_suppressor
141,NOD1,HMOX1,positive,suppresses ferroptosis,"NOD1 :+: SLC40A1, SLC40A1 :-: Ferroptosis, NOD1 :+: GPX4, GPX4 :-: Ferroptosis, NOD1 :+: SPIC, SPIC :-: Ferroptosis, NOD1 :+: HMOX1, HMOX1 :-: Ferroptosis, NOD1 :+: COL1A1, COL1A1 :-: Ferroptosis",ferrdb_suppressor
142,NOD1,COL1A1,positive,suppresses ferroptosis,"NOD1 :+: SLC40A1, SLC40A1 :-: Ferroptosis, NOD1 :+: GPX4, GPX4 :-: Ferroptosis, NOD1 :+: SPIC, SPIC :-: Ferroptosis, NOD1 :+: HMOX1, HMOX1 :-: Ferroptosis, NOD1 :+: COL1A1, COL1A1 :-: Ferroptosis",ferrdb_suppressor
143,NOTCH3,GPX4,positive,promotes ferroptosis,"NOTCH3 :+: GPX4, GPX4 :-: Ferroptosis, NOTCH3 :+: PRDX6, PRDX6 :-: Ferroptosis",ferrdb_suppressor
144,NOTCH3,PRDX6,positive,promotes ferroptosis,"NOTCH3 :+: GPX4, GPX4 :-: Ferroptosis, NOTCH3 :+: PRDX6, PRDX6 :-: Ferroptosis",ferrdb_suppressor
145,ENO1,CNOT6,positive,suppresses ferroptosis,"ENO1 :+: CNOT6, CNOT6 :-: IRP1, IRP1 :+: Mfrn1, Mfrn1 :+: Ferroptosis",ferrdb_suppressor
146,CNOT6,IRP1,negative,suppresses ferroptosis,"ENO1 :+: CNOT6, CNOT6 :-: IRP1, IRP1 :+: Mfrn1, Mfrn1 :+: Ferroptosis",ferrdb_suppressor
147,IRP1,Mfrn1,positive,suppresses ferroptosis,"ENO1 :+: CNOT6, CNOT6 :-: IRP1, IRP1 :+: Mfrn1, Mfrn1 :+: Ferroptosis",ferrdb_suppressor
148,IDO1,NRF2,positive,suppresses ferroptosis,"IDO1 :+: NRF2, NRF2 :+: SLC7A11, SLC7A11 :-: Ferroptosis",ferrdb_suppressor
149,ATF6,PLA2G4A,positive,suppresses ferroptosis,"ATF6 :+: PLA2G4A, PLA2G4A :-: Ferroptosis",ferrdb_suppressor
150,PDGFRA,GPX4,positive,promotes ferroptosis,"PDGFRA :+: GPX4, GPX4 :-: Ferroptosis, PDGFRA :+: SLC7A11, SLC7A11 :-: Ferroptosis",ferrdb_suppressor
151,PDGFRA,SLC7A11,positive,promotes ferroptosis,"PDGFRA :+: GPX4, GPX4 :-: Ferroptosis, PDGFRA :+: SLC7A11, SLC7A11 :-: Ferroptosis",ferrdb_suppressor
152,NFE2L2,VEGFR2,negative,promotes ferroptosis,"NFE2L2 :-: VEGFR2, VEGFR2 :+: Ferroptosis, NFE2L2 :-: Keap1, Keap1 :+: Ferroptosis",ferrdb_suppressor
153,NFE2L2,Keap1,negative,promotes ferroptosis,"NFE2L2 :-: VEGFR2, VEGFR2 :+: Ferroptosis, NFE2L2 :-: Keap1, Keap1 :+: Ferroptosis",ferrdb_suppressor
154,STAT6,CBP,negative,suppresses ferroptosis,"STAT6 :-: CBP, CBP :+: P53 acetylation, P53 acetylation :-: SLC7A11, SLC7A11 :-: Ferroptosis",ferrdb_suppressor
155,HNRNPD,NRF2,positive,promotes ferroptosis,"HNRNPD :+: NRF2, NRF2 :-: Ferroptosis, HNRNPD :-: ATF3, ATF3 :+: Ferroptosis",ferrdb_suppressor
156,HNRNPD,ATF3,negative,promotes ferroptosis,"HNRNPD :+: NRF2, NRF2 :-: Ferroptosis, HNRNPD :-: ATF3, ATF3 :+: Ferroptosis",ferrdb_suppressor
157,ESR1,NEDD4L,positive,suppresses ferroptosis,"ESR1 :+: NEDD4L, NEDD4L :-: CD71 ,CD71 :+: Ferroptosis",ferrdb_suppressor
158,NEDD4L,CD71,negative,suppresses ferroptosis,"ESR1 :+: NEDD4L, NEDD4L :-: CD71 ,CD71 :+: Ferroptosis",ferrdb_suppressor
159,SRSF1,NFE2L2,positive,suppresses ferroptosis,"SRSF1 :+: NFE2L2, NFE2L2 :-: Ferroptosis",ferrdb_suppressor
160,FADS2,GPX4,positive,suppresses ferroptosis,"FADS2 :+: GPX4, GPX4 :-: Ferroptosis",ferrdb_suppressor
161,ADIPOR1,SLC7A11,positive,promotes ferroptosis,"ADIPOR1 :+: SLC7A11, SLC7A11 :-: Ferroptosis, ADIPOR1 :+: NRF2, NRF2 :-: Ferroptosis",ferrdb_suppressor
162,ADIPOR1,NRF2,positive,promotes ferroptosis,"ADIPOR1 :+: SLC7A11, SLC7A11 :-: Ferroptosis, ADIPOR1 :+: NRF2, NRF2 :-: Ferroptosis",ferrdb_suppressor
163,SLC3A2,mTOR,negative,suppresses ferroptosis,"SLC3A2 :-: mTOR, mTOR :+: Ferroptosis",ferrdb_suppressor
164,FXR1,GPX4,positive,suppresses ferroptosis,"FXR1 :+: GPX4, GPX4 :-: Ferroptosis",ferrdb_suppressor
165,ZSCAN25,p53,negative,suppresses ferroptosis,"ZSCAN25 :-: p53, p53 :+: Ferroptosis",ferrdb_suppressor
166,CCT3,SLC7A11,positive,suppresses ferroptosis,"CCT3 :+: SLC7A11, SLC7A11 :-: Ferroptosis",ferrdb_suppressor
167,AURKA,GPX4,positive,promotes ferroptosis,"AURKA :+: GPX4, GPX4 :-: Ferroptosis, AURKA :+: xCT, xCT :-: Ferroptosis, AURKA :-: PTGS2, PTGS2 :+: Ferroptosis, AURKA :-: ACSL4, ACSL4 :+: Ferroptosis",ferrdb_suppressor
168,AURKA,xCT,positive,promotes ferroptosis,"AURKA :+: GPX4, GPX4 :-: Ferroptosis, AURKA :+: xCT, xCT :-: Ferroptosis, AURKA :-: PTGS2, PTGS2 :+: Ferroptosis, AURKA :-: ACSL4, ACSL4 :+: Ferroptosis",ferrdb_suppressor
169,AURKA,PTGS2,negative,promotes ferroptosis,"AURKA :+: GPX4, GPX4 :-: Ferroptosis, AURKA :+: xCT, xCT :-: Ferroptosis, AURKA :-: PTGS2, PTGS2 :+: Ferroptosis, AURKA :-: ACSL4, ACSL4 :+: Ferroptosis",ferrdb_suppressor
170,AURKA,ACSL4,negative,promotes ferroptosis,"AURKA :+: GPX4, GPX4 :-: Ferroptosis, AURKA :+: xCT, xCT :-: Ferroptosis, AURKA :-: PTGS2, PTGS2 :+: Ferroptosis, AURKA :-: ACSL4, ACSL4 :+: Ferroptosis",ferrdb_suppressor
171,SENP1,A20,negative,suppresses ferroptosis,"SENP1 :-: A20, A20 :+: ACSL4, ACSL4 :+: Ferroptosis, SENP1 :-: A20, A20 :-: SLC7A11, SLC7A11 :-: Ferroptosis, SENP1 :+: GPX4, GPX4 :-: Ferroptosis",ferrdb_suppressor
172,A20,ACSL4,positive,suppresses ferroptosis,"SENP1 :-: A20, A20 :+: ACSL4, ACSL4 :+: Ferroptosis, SENP1 :-: A20, A20 :-: SLC7A11, SLC7A11 :-: Ferroptosis, SENP1 :+: GPX4, GPX4 :-: Ferroptosis",ferrdb_suppressor
173,A20,SLC7A11,negative,suppresses ferroptosis,"SENP1 :-: A20, A20 :+: ACSL4, ACSL4 :+: Ferroptosis, SENP1 :-: A20, A20 :-: SLC7A11, SLC7A11 :-: Ferroptosis, SENP1 :+: GPX4, GPX4 :-: Ferroptosis",ferrdb_suppressor
174,SENP1,GPX4,positive,suppresses ferroptosis,"SENP1 :-: A20, A20 :+: ACSL4, ACSL4 :+: Ferroptosis, SENP1 :-: A20, A20 :-: SLC7A11, SLC7A11 :-: Ferroptosis, SENP1 :+: GPX4, GPX4 :-: Ferroptosis",ferrdb_suppressor
175,NUP62,SLC7A11,positive,suppresses ferroptosis,"NUP62 :+: SLC7A11, SLC7A11 :-: Ferroptosis",ferrdb_suppressor
176,GCH1,HO-1,positive,suppresses ferroptosis,"GCH1 :+: HO-1, HO-1 :-: Ferroptosis, GCH1 :+: NRF2, NRF2 :-: Ferroptosis, GCH1 :+: BH4, BH4 :-: Ferroptosis",ferrdb_suppressor
177,GCH1,NRF2,positive,suppresses ferroptosis,"GCH1 :+: HO-1, HO-1 :-: Ferroptosis, GCH1 :+: NRF2, NRF2 :-: Ferroptosis, GCH1 :+: BH4, BH4 :-: Ferroptosis",ferrdb_suppressor
178,UFL1,SLC7A11,positive,promotes ferroptosis,"UFL1 :+: SLC7A11, SLC7A11 :-: Ferroptosis, UFL1 :-: P53, P53 :+: Ferroptosis",ferrdb_suppressor
179,UFL1,P53,negative,promotes ferroptosis,"UFL1 :+: SLC7A11, SLC7A11 :-: Ferroptosis, UFL1 :-: P53, P53 :+: Ferroptosis",ferrdb_suppressor
180,BMP4,GPX4,positive,suppresses ferroptosis,"BMP4 :+: GPX4, GPX4 :-: Ferroptosis",ferrdb_suppressor
181,SUFU,YAP,negative,suppresses ferroptosis,"SUFU :-: YAP, YAP :+: ACSL4, ACSL4 :+: Ferroptosis",ferrdb_suppressor
182,YAP,ACSL4,positive,suppresses ferroptosis,"SUFU :-: YAP, YAP :+: ACSL4, ACSL4 :+: Ferroptosis",ferrdb_suppressor
183,PLA2G6,SLC7A11,positive,suppresses ferroptosis,"PLA2G6 :+: SLC7A11, SLC7A11 :-: Ferroptosis",ferrdb_suppressor
184,PTPMT1,ACSL4,negative,promotes ferroptosis,"PTPMT1 :-: ACSL4, ACSL4 :+: Ferroptosis, PTPMT1 :+: SLC7A11, SLC7A11 :-: Ferroptosis",ferrdb_suppressor
185,PTPMT1,SLC7A11,positive,promotes ferroptosis,"PTPMT1 :-: ACSL4, ACSL4 :+: Ferroptosis, PTPMT1 :+: SLC7A11, SLC7A11 :-: Ferroptosis",ferrdb_suppressor
186,KAT6B,STAT3,positive,suppresses ferroptosis,"KAT6B :+: STAT3, STAT3 :-: Ferroptosis",ferrdb_suppressor
187,METTL3,YTHDF1,positive,suppresses ferroptosis,"METTL3 :+: YTHDF1,YTHD :+: SLC7A11, SLC7A11 :-: Ferroptosis",ferrdb_suppressor
188,KDM4A,HIF1A,positive,suppresses ferroptosis,"KDM4A :+: HIF1A, HIF1A :-: Ferroptosis",ferrdb_suppressor
189,NSUN5,FTH1,positive,promotes ferroptosis,"NSUN5 :+: FTH1, FTH1 :-: Ferroptosis, NSUN5 :+: FTL, FTL :-: Ferroptosis",ferrdb_suppressor
190,NSUN5,FTL,positive,promotes ferroptosis,"NSUN5 :+: FTH1, FTH1 :-: Ferroptosis, NSUN5 :+: FTL, FTL :-: Ferroptosis",ferrdb_suppressor
191,PRDX6,NRF2,positive,suppresses ferroptosis,"PRDX6 :+: NRF2, NRF2 :-: Ferroptosis",ferrdb_suppressor
192,APOC1,KEAP1,negative,promotes ferroptosis,"APOC1 :-: KEAP1, KEAP1 :-: NRF2, NRF2 :-: Ferroptosis, APOC1 :+: CBS, CBS :+: GPX4, GPX4 :-: Ferroptosis",ferrdb_suppressor
193,KEAP1,NRF2,negative,promotes ferroptosis,"APOC1 :-: KEAP1, KEAP1 :-: NRF2, NRF2 :-: Ferroptosis, APOC1 :+: CBS, CBS :+: GPX4, GPX4 :-: Ferroptosis",ferrdb_suppressor
194,APOC1,CBS,positive,promotes ferroptosis,"APOC1 :-: KEAP1, KEAP1 :-: NRF2, NRF2 :-: Ferroptosis, APOC1 :+: CBS, CBS :+: GPX4, GPX4 :-: Ferroptosis",ferrdb_suppressor
195,CBS,GPX4,positive,promotes ferroptosis,"APOC1 :-: KEAP1, KEAP1 :-: NRF2, NRF2 :-: Ferroptosis, APOC1 :+: CBS, CBS :+: GPX4, GPX4 :-: Ferroptosis",ferrdb_suppressor
196,PSEN1,GPX4,positive,suppresses ferroptosis,"PSEN1 :+: GPX4, GPX4 :-: Ferroptosis",ferrdb_suppressor
197,PSEN2,GPX4,positive,suppresses ferroptosis,"PSEN2 :+: GPX4, GPX4 :-: Ferroptosis",ferrdb_suppressor
198,HNRNPL,YY1,positive,suppresses ferroptosis,"HNRNPL :+: YY1, YY1 :+: PD-L1, PD-L1 :-: Ferroptosis",ferrdb_suppressor
199,YY1,PD-L1,positive,suppresses ferroptosis,"HNRNPL :+: YY1, YY1 :+: PD-L1, PD-L1 :-: Ferroptosis",ferrdb_suppressor
200,TCF4,GPX4,positive,suppresses ferroptosis,"TCF4 :+: GPX4, GPX4 :-:  Ferroptosis",ferrdb_suppressor
201,FGFR4,SLC7A11,positive,suppresses ferroptosis,"FGFR4 :+: SLC7A11, SLC7A11 :-: Ferroptosis, FGFR4 :+: FPN1, FPN1 :-: Ferroptosis, FGFR4 :+: GPX4, GPX4 :-: Ferroptosis",ferrdb_suppressor
202,FGFR4,FPN1,positive,suppresses ferroptosis,"FGFR4 :+: SLC7A11, SLC7A11 :-: Ferroptosis, FGFR4 :+: FPN1, FPN1 :-: Ferroptosis, FGFR4 :+: GPX4, GPX4 :-: Ferroptosis",ferrdb_suppressor
203,FGFR4,GPX4,positive,suppresses ferroptosis,"FGFR4 :+: SLC7A11, SLC7A11 :-: Ferroptosis, FGFR4 :+: FPN1, FPN1 :-: Ferroptosis, FGFR4 :+: GPX4, GPX4 :-: Ferroptosis",ferrdb_suppressor
204,G3BP1,MTOR,negative,suppresses ferroptosis,"G3BP1 :-: MTOR, MTOR :+: Ferroptosis",ferrdb_suppressor
205,FTH1,GPX4,positive,promotes ferroptosis,"FTH1 :+: GPX4, GPX4 :-: Ferroptosis, FTH1 :-: ACSL4, ACSL4  :+:  Ferroptosis",ferrdb_suppressor
206,LAMTOR5,ZNF263,positive,suppresses ferroptosis,"LAMTOR5 :+: ZNF263,ZNF263 :+: SCD, SCD :-: Ferroptosis",ferrdb_suppressor
207,ZNF263,SCD,positive,suppresses ferroptosis,"LAMTOR5 :+: ZNF263,ZNF263 :+: SCD, SCD :-: Ferroptosis",ferrdb_suppressor
208,ATF2,HSPH1,positive,suppresses ferroptosis,"ATF2 :+: HSPH1, HSPH1 :+: SLC7A11, SLC7A11 :-: Ferroptosis",ferrdb_suppressor
209,HSPH1,SLC7A11,positive,suppresses ferroptosis,"ATF2 :+: HSPH1, HSPH1 :+: SLC7A11, SLC7A11 :-: Ferroptosis",ferrdb_suppressor
210,SND1,GPX4,positive,suppresses ferroptosis,"SND1 :+: GPX4, GPX4 :-: Ferroptosis",ferrdb_suppressor
211,METTL16,GPX4,positive,suppresses ferroptosis,"METTL16 :+: GPX4, GPX4 :-: Ferroptosis",ferrdb_suppressor
212,FTO,OTUB1,positive,suppresses ferroptosis,"FTO :+: OTUB1, OTUB1 :-: Ferroptosis",ferrdb_suppressor
213,APELA,FTH1,positive,suppresses ferroptosis,"APELA :+: FTH1, FTH1 :-: Ferroptosis",ferrdb_suppressor
214,SLC1A5,GPX4,positive,suppresses ferroptosis,"SLC1A5 :+: GPX4, GPX4 :-: Ferroptosis",ferrdb_suppressor
215,MYC,NCOA4,negative,suppresses ferroptosis,"MYC :-: NCOA4, NCOA4 :+: Ferroptosis",ferrdb_suppressor
216,GOT1,NRF2,positive,suppresses ferroptosis,"GOT1 :+: NRF2, NRF2 :-: Ferroptosis",ferrdb_suppressor
217,STC1,NRF2,positive,suppresses ferroptosis,"STC1 :+: NRF2, NRF2 :-: Ferroptosis",ferrdb_suppressor
218,RBM24,SLC7A11,positive,suppresses ferroptosis,"RBM24 :+: SLC7A11, SLC7A11 :-: Ferroptosis",ferrdb_suppressor
219,NAT10,FSP1,positive,suppresses ferroptosis,"NAT10 :+: FSP1, FSP1 :-: Ferroptosis",ferrdb_suppressor
220,JUND,Linc00976,positive,suppresses ferroptosis,"JUND :+: Linc00976, Linc00976 :-: miR-3202, miR-3202 :-: GPX4, GPX4 :-: Ferroptosis",ferrdb_suppressor
221,GPX4,mTOR,positive,suppresses ferroptosis,"GPX4 :+: mTOR, mTOR :-: Ferroptosis",ferrdb_suppressor
222,KDM1A,c-Myc,positive,suppresses ferroptosis,"KDM1A :+: c-Myc, c-Myc :-: HOMX1, HOMX1  :+: Ferroptosis",ferrdb_suppressor
223,USF2,PKM2,positive,suppresses ferroptosis,"USF2 :+: PKM2, PKM2 :-: Ferroptosis",ferrdb_suppressor
224,GLS,GPX4,positive,suppresses ferroptosis,"GLS :+: GPX4, GPX4 :-: Ferroptosis",ferrdb_suppressor
225,HRH1,STAT3,negative,suppresses ferroptosis,"HRH1 :-: STAT3, STAT3 :-: SLC7A11, SLC7A11 :-: Ferroptosis",ferrdb_suppressor
226,STAT3,SLC7A11,negative,suppresses ferroptosis,"HRH1 :-: STAT3, STAT3 :-: SLC7A11, SLC7A11 :-: Ferroptosis",ferrdb_suppressor
227,PYCR1,SLC25A10,positive,suppresses ferroptosis,"PYCR1 :+: SLC25A10, SLC25A10 :-: Ferroptosis",ferrdb_suppressor
228,ANGPTL4,GPX4,positive,suppresses ferroptosis,"ANGPTL4 :+: GPX4, GPX4 :-: Ferroptosis",ferrdb_suppressor
229,IGF2BP3,NRF2,positive,suppresses ferroptosis,"IGF2BP3 :+: NRF2, NRF2 :-: Ferroptosis",ferrdb_suppressor
230,CAPRIN2,HMGCR,positive,suppresses ferroptosis,"CAPRIN2 :+: HMGCR, HMGCR :-: Ferroptosis",ferrdb_suppressor
231,TRPM2,NRF2,positive,suppresses ferroptosis,"TRPM2 :+: NRF2, NRF2 :-: Ferroptosis",ferrdb_suppressor
232,MTTP,PRAP1,positive,suppresses ferroptosis,"MTTP :+: PRAP1, PRAP1 :-: ZEB1, ZEB1 :-: GPX4, GPX4 :-: Ferroptosis",ferrdb_suppressor
233,PRAP1,ZEB1,negative,suppresses ferroptosis,"MTTP :+: PRAP1, PRAP1 :-: ZEB1, ZEB1 :-: GPX4, GPX4 :-: Ferroptosis",ferrdb_suppressor
234,ZEB1,GPX4,negative,suppresses ferroptosis,"MTTP :+: PRAP1, PRAP1 :-: ZEB1, ZEB1 :-: GPX4, GPX4 :-: Ferroptosis",ferrdb_suppressor
235,CISD2,p62,positive,suppresses ferroptosis,"CISD2 :+: p62, p62 :-: Keap1, Keap1 :-: NRF2, NRF2 :-: Ferroptosis",ferrdb_suppressor
236,p62,Keap1,negative,suppresses ferroptosis,"CISD2 :+: p62, p62 :-: Keap1, Keap1 :-: NRF2, NRF2 :-: Ferroptosis",ferrdb_suppressor
237,AADAC,SLC7A11,positive,suppresses ferroptosis,"AADAC :+: SLC7A11, SLC7A11 :-: Ferroptosis",ferrdb_suppressor
238,PEDS1,p62,positive,suppresses ferroptosis,"PEDS1 :+: p62, p62 :+: GPX4, GPX4 :-: Ferroptosis",ferrdb_suppressor
239,p62,GPX4,positive,suppresses ferroptosis,"PEDS1 :+: p62, p62 :+: GPX4, GPX4 :-: Ferroptosis",ferrdb_suppressor
240,MAZ,FTH1,positive,suppresses ferroptosis,"MAZ :+: FTH1, FTH1 :-: Ferroptosis",ferrdb_suppressor
241,PIM1,MYC,positive,suppresses ferroptosis,"PIM1 :+: MYC,  MYC :-: Ferroptosis",ferrdb_suppressor
242,SLC25A11,GPX4,positive,suppresses ferroptosis,"SLC25A11 :+: GPX4, GPX4 :-: Ferroptosis",ferrdb_suppressor
243,MTHFR,TRC8,negative,suppresses ferroptosis,"MTHFR :-: TRC8, TRC8 :-: HMOX1, HMOX1 :-: Ferroptosis",ferrdb_suppressor
244,TRC8,HMOX1,negative,suppresses ferroptosis,"MTHFR :-: TRC8, TRC8 :-: HMOX1, HMOX1 :-: Ferroptosis",ferrdb_suppressor
245,MITD1,TAZ,positive,suppresses ferroptosis,"MITD1 :+: TAZ, TAZ :+: SLC7A11, SLC7A11 :-: Ferroptosis",ferrdb_suppressor
246,TAZ,SLC7A11,positive,suppresses ferroptosis,"MITD1 :+: TAZ, TAZ :+: SLC7A11, SLC7A11 :-: Ferroptosis",ferrdb_suppressor
247,PPARA,FABP1,positive,promotes ferroptosis,"PPARA :+: FABP1, FABP1 :+: GPX4, GPX4 :-:  Ferroptosis, FABP1 :-: ACSL4 , ACSL4  :+:  Ferroptosis",ferrdb_suppressor
248,FABP1,GPX4,positive,promotes ferroptosis,"PPARA :+: FABP1, FABP1 :+: GPX4, GPX4 :-:  Ferroptosis, FABP1 :-: ACSL4 , ACSL4  :+:  Ferroptosis",ferrdb_suppressor
249,FABP1,ACSL4,negative,promotes ferroptosis,"PPARA :+: FABP1, FABP1 :+: GPX4, GPX4 :-:  Ferroptosis, FABP1 :-: ACSL4 , ACSL4  :+:  Ferroptosis",ferrdb_suppressor
250,PHGDH,SLC7A11,positive,suppresses ferroptosis,"PHGDH :+: SLC7A11, SLC7A11 :-: Ferroptosis",ferrdb_suppressor
251,ELK1,GPX4,positive,suppresses ferroptosis,"ELK1 :+: GPX4, GPX4 :-: Ferroptosis",ferrdb_suppressor
252,RRM1,TP53,negative,suppresses ferroptosis,"RRM1 :-: TP53, TP53 :-: GPX4, GPX4 :-: Ferroptosis",ferrdb_suppressor
253,TP53,GPX4,negative,suppresses ferroptosis,"RRM1 :-: TP53, TP53 :-: GPX4, GPX4 :-: Ferroptosis",ferrdb_suppressor
254,C8orf76,SLC7A11,positive,suppresses ferroptosis,"C8orf76 :+: SLC7A11, SLC7A11 :-: Ferroptosis",ferrdb_suppressor
255,NUP62,KEAP1,negative,suppresses ferroptosis,"NUP62 :-: KEAP1, KEAP1 :-: NRF2, NRF2 :-: Ferroptosis",ferrdb_suppressor
256,CKB,GPX4,positive,suppresses ferroptosis,"CKB :+: GPX4, GPX4 :-: Ferroptosis",ferrdb_suppressor
257,BAP31,VDAC1,negative,suppresses ferroptosis,"BAP31 :-: VDAC1, VDAC1 :+: Ferroptosis",ferrdb_suppressor
258,SLC7A11,c-Myc,positive,suppresses ferroptosis,"SLC7A11 :+: c-Myc, c-Myc :-: Ferroptosis",ferrdb_suppressor
259,OTUD5,SLC7A11,positive,suppresses ferroptosis,"OTUD5 :+: SLC7A11, SLC7A11 :+: c-Myc, c-Myc :-: Ferroptosis",ferrdb_suppressor
260,HSPA5,P53,negative,suppresses ferroptosis,"HSPA5 :-: P53, P53 :-: (SLC7A11/GPX4), (SLC7A11/GPX4) :-: Ferroptosis",ferrdb_suppressor
261,TERF2,SLC7A11,positive,suppresses ferroptosis,"TERF2 :+:  SLC7A11, SLC7A11 :+: GPX4, GPX4 :-: Ferroptosis",ferrdb_suppressor
262,RSL1D1,FTH1,positive,suppresses ferroptosis,"RSL1D1 :+: FTH1, FTH1 :-: Ferroptosis",ferrdb_suppressor
263,WTAP,NRF2,positive,suppresses ferroptosis,"WTAP :+: NRF2, NRF2 :-: Ferroptosis",ferrdb_suppressor
264,ZBTB48,IGF2BP3,positive,suppresses ferroptosis,"ZBTB48 :+: IGF2BP3, IGF2BP3 :+: HSPB1, HSPB1 :+: (SLC7A11/GSH/GPX4), (SLC7A11/GSH/GPX4) :-: Ferroptosis",ferrdb_suppressor
265,IGF2BP3,HSPB1,positive,suppresses ferroptosis,"ZBTB48 :+: IGF2BP3, IGF2BP3 :+: HSPB1, HSPB1 :+: (SLC7A11/GSH/GPX4), (SLC7A11/GSH/GPX4) :-: Ferroptosis",ferrdb_suppressor
266,HNRNPM,SMARCA4,positive,suppresses ferroptosis,"HNRNPM :+: SMARCA4, SMARCA4 :-: Ferroptosis",ferrdb_suppressor
267,POLE2,NRF2,positive,suppresses ferroptosis,"POLE2 :+: NRF2, NRF2 :+: GPX4, GPX4 :-: Ferroptosis",ferrdb_suppressor
268,G3BP1,p53,positive,suppresses ferroptosis,"G3BP1 :+: p53, p53 :+: SLC7A11, SLC7A11 :-: Ferroptosis",ferrdb_suppressor
269,p53,SLC7A11,positive,suppresses ferroptosis,"G3BP1 :+: p53, p53 :+: SLC7A11, SLC7A11 :-: Ferroptosis",ferrdb_suppressor
270,SLC7A11,Gpx4,positive,suppresses ferroptosis,"SLC7A11 :+: Gpx4, Gpx4 :-: Ferroptosis",ferrdb_suppressor
271,SPI1,TIMP1,positive,suppresses ferroptosis,"SPI1 :+: TIMP1, TIMP1 :-: Ferroptosis",ferrdb_suppressor
272,HO-1,GPX4,positive,suppresses ferroptosis,"NFE2L2 :+: HO-1, HO-1 :+: GPX4, GPX4 :-: Ferroptosis",ferrdb_suppressor
273,C1QTNF6,SOCS2,negative,suppresses ferroptosis,"C1QTNF6 :-: SOCS2, SOCS2 :-: GPX4, GPX4 :-: Ferroptosis",ferrdb_suppressor
274,SOCS2,GPX4,negative,suppresses ferroptosis,"C1QTNF6 :-: SOCS2, SOCS2 :-: GPX4, GPX4 :-: Ferroptosis",ferrdb_suppressor
275,AKR1C3,YAP,positive,suppresses ferroptosis,"AKR1C3 :+: YAP, YAP :+: SLC7A11, SLC7A11 :-: Ferroptosis",ferrdb_suppressor
276,YAP,SLC7A11,positive,suppresses ferroptosis,"AKR1C3 :+: YAP, YAP :+: SLC7A11, SLC7A11 :-: Ferroptosis",ferrdb_suppressor
277,TRIM21,FSP1,positive,suppresses ferroptosis,"TRIM21 :+: FSP1, FSP1 :-: Ferroptosis",ferrdb_suppressor
278,MAPK8,FSP1,positive,suppresses ferroptosis,"MAPK8 :+: FSP1, FSP1 :-: Ferroptosis",ferrdb_suppressor
279,NRF2,FSP1,positive,suppresses ferroptosis,"NRF2 :+: FSP1, :+: CoQ10H2, CoQ10H2:-: Ferroptosis",ferrdb_suppressor
280,HELLS,CYP24A1,positive,suppresses ferroptosis,"HELLS :+: CYP24A1, CYP24A1 :-: Ferroptosis",ferrdb_suppressor
281,MIR96,PTEN,negative,suppresses ferroptosis,"MIR96 :-: PTEN, PTEN :+: Ferroptosis",ferrdb_suppressor
282,miR-494,SLC7A11,negative,suppresses ferroptosis,"circBBS2 :-: miR-494, miR-494 :-: SLC7A11, SLC7A11 :-: Ferroptosis",ferrdb_suppressor
283,MGST1,ATG16L1,negative,promotes ferroptosis,"MGST1 :+: (Akt/GSK-3β), (Akt/GSK-3β) :-: Ferroptosis, MGST1 :-: ATG16L1, ATG16L1 :+: Ferroptosis",ferrdb_suppressor
284,KDM4D,p53,negative,suppresses ferroptosis,"KDM4D :-: p53, p53 :+: Ferroptosis",ferrdb_suppressor
285,SPI1,GPX4,positive,suppresses ferroptosis,"SPI1 :+: GPX4, GPX4 :-: Ferroptosis",ferrdb_suppressor
286,GPX4,TFR1,negative,suppresses ferroptosis,"GPX4 :-: TFR1, TFR1 :+: Ferroptosis",ferrdb_suppressor
287,NFE2L2,HERC2,positive,promotes ferroptosis,"NFE2L2 :+: HERC2, HERC2 :-: NCOA4, NCOA4 :+: Ferroptosis, NFE2L2 :+: VAMP8, VAMP8 :-: Ferroptosis",ferrdb_suppressor
288,HERC2,NCOA4,negative,promotes ferroptosis,"NFE2L2 :+: HERC2, HERC2 :-: NCOA4, NCOA4 :+: Ferroptosis, NFE2L2 :+: VAMP8, VAMP8 :-: Ferroptosis",ferrdb_suppressor
289,NFE2L2,VAMP8,positive,promotes ferroptosis,"NFE2L2 :+: HERC2, HERC2 :-: NCOA4, NCOA4 :+: Ferroptosis, NFE2L2 :+: VAMP8, VAMP8 :-: Ferroptosis",ferrdb_suppressor
290,NEUROD1,GPX4,positive,suppresses ferroptosis,"NEUROD1 :+: GPX4, GPX4 :-: Ferroptosis",ferrdb_suppressor
291,TXNDC12,SLC7A11,positive,suppresses ferroptosis,"TXNDC12 :+: SLC7A11, SLC7A11 :-: Ferroptosis",ferrdb_suppressor
292,IL6,SLC7A11,positive,suppresses ferroptosis,"IL6 :+: SLC7A11, SLC7A11 :-: Ferroptosis",ferrdb_suppressor
293,CREB1,SCD,positive,suppresses ferroptosis,"CREB1 :+: SCD, SCD :-: Ferroptosis",ferrdb_suppressor
294,YTHDF1,PD-L1,positive,suppresses ferroptosis,"YTHDF1 :+: PD-L1, PD-L1 :-: Ferroptosis",ferrdb_suppressor
295,NSUN2,SLC7A11,positive,suppresses ferroptosis,"NSUN2  :+: SLC7A11, SLC7A11 :-: Ferroptosis",ferrdb_suppressor
296,FOXM1,MEF2C,positive,suppresses ferroptosis,"FOXM1 :+: MEF2C, MEF2C :+: GPX4, GPX4 :-: Ferroptosis",ferrdb_suppressor
297,MEF2C,GPX4,positive,suppresses ferroptosis,"FOXM1 :+: MEF2C, MEF2C :+: GPX4, GPX4 :-: Ferroptosis",ferrdb_suppressor
298,SETD2,FECH,positive,suppresses ferroptosis,"SETD2 :+: FECH, FECH :-: Ferroptosis",ferrdb_suppressor
299,CEBPG,SLC7A11,positive,suppresses ferroptosis,"CEBPG :+: SLC7A11, SLC7A11 :-: Ferroptosis",ferrdb_suppressor
300,BMAL1,EBF3,negative,suppresses ferroptosis,"BMAL1 :-: EBF3, EBF3 :+: ALOX15, ALOX15 :+: Ferroptosis",ferrdb_suppressor
301,EBF3,ALOX15,positive,suppresses ferroptosis,"BMAL1 :-: EBF3, EBF3 :+: ALOX15, ALOX15 :+: Ferroptosis",ferrdb_suppressor
302,IL17A,NFE2L2,positive,suppresses ferroptosis,"IL17A :+: NFE2L2, NFE2L2 :-: Ferroptosis",ferrdb_suppressor
303,P4HA1,HMGCS1,positive,suppresses ferroptosis,"P4HA1 :+: HMGCS1, HMGCS1 :-: Ferroptosis",ferrdb_suppressor
304,BHLHE40,SREBF1,positive,suppresses ferroptosis,"BHLHE40 :+: SREBF1, SREBF1 :-: Ferroptosis",ferrdb_suppressor
305,FEN1,ACSL4,negative,suppresses ferroptosis,"FEN1 :-: ACSL4, ACSL4 :+: Ferroptosis",ferrdb_suppressor
306,CDK1,ACSL4,negative,suppresses ferroptosis,"CDK1 :-: ACSL4, ACSL4 :+: Ferroptosis",ferrdb_suppressor
307,RB1,E2F,negative,suppresses ferroptosis,"RB1 :-: E2F, E2F :+: ACSL4, ACSL4 :+: Ferroptosis",ferrdb_suppressor
308,E2F,ACSL4,positive,suppresses ferroptosis,"RB1 :-: E2F, E2F :+: ACSL4, ACSL4 :+: Ferroptosis",ferrdb_suppressor
309,SGK2,GPX4,positive,suppresses ferroptosis,"SGK2 :+: GPX4, GPX4 :-: Ferroptosis",ferrdb_suppressor
310,FOXM1,LCN2,positive,suppresses ferroptosis,"FOXM1 :+: LCN2, LCN2 :-: Ferroptosis",ferrdb_suppressor
311,NR1H4,FSP1,positive,suppresses ferroptosis,"NR1H4 :+: FSP1, FSP1 :-: Ferroptosis, NR1H4 :+: PPARα, PPARα :-: Ferroptosis, NR1H4 :+: GPX4, GPX4 :-: Ferroptosis, NR1H4 :+: ACSL3, ACSL3 :-: Ferroptosis, NR1H4 :+: SCD1, SCD1 :-: Ferroptosis",ferrdb_suppressor
312,NR1H4,GPX4,positive,suppresses ferroptosis,"NR1H4 :+: FSP1, FSP1 :-: Ferroptosis, NR1H4 :+: PPARα, PPARα :-: Ferroptosis, NR1H4 :+: GPX4, GPX4 :-: Ferroptosis, NR1H4 :+: ACSL3, ACSL3 :-: Ferroptosis, NR1H4 :+: SCD1, SCD1 :-: Ferroptosis",ferrdb_suppressor
313,NR1H4,ACSL3,positive,suppresses ferroptosis,"NR1H4 :+: FSP1, FSP1 :-: Ferroptosis, NR1H4 :+: PPARα, PPARα :-: Ferroptosis, NR1H4 :+: GPX4, GPX4 :-: Ferroptosis, NR1H4 :+: ACSL3, ACSL3 :-: Ferroptosis, NR1H4 :+: SCD1, SCD1 :-: Ferroptosis",ferrdb_suppressor
314,NR1H4,SCD1,positive,suppresses ferroptosis,"NR1H4 :+: FSP1, FSP1 :-: Ferroptosis, NR1H4 :+: PPARα, PPARα :-: Ferroptosis, NR1H4 :+: GPX4, GPX4 :-: Ferroptosis, NR1H4 :+: ACSL3, ACSL3 :-: Ferroptosis, NR1H4 :+: SCD1, SCD1 :-: Ferroptosis",ferrdb_suppressor
315,PRMT1,ACSL1,negative,suppresses ferroptosis,"PRMT1 :-: ACSL1, ACSL1 :+: Ferroptosis",ferrdb_suppressor
316,GINS4,Snail,positive,suppresses ferroptosis,"GINS4 :+: Snail, Snail :-: p53, p53 :+: Ferroptosis",ferrdb_suppressor
317,Snail,p53,negative,suppresses ferroptosis,"GINS4 :+: Snail, Snail :-: p53, p53 :+: Ferroptosis",ferrdb_suppressor
318,ANXA10,TFRC,negative,suppresses ferroptosis,"ANXA10 :-: TFRC, TFRC :+: Ferroptosis",ferrdb_suppressor
319,NFE2L2,GPX4,positive,suppresses ferroptosis,"NFE2L2 :+: GPX4, GPX4 :-: Ferroptosis",ferrdb_suppressor
320,TET2,GPX4,positive,suppresses ferroptosis,"TET2 :+: GPX4, GPX4 :-: Ferroptosis",ferrdb_suppressor
321,FUNDC1,GPX4,positive,suppresses ferroptosis,"FUNDC1 :+: GPX4, GPX4 :-: Ferroptosis",ferrdb_suppressor
322,CARM1,ACSL4,negative,suppresses ferroptosis,"CARM1 :-: ACSL4, ACSL4 :+: Ferroptosis",ferrdb_suppressor
323,RNF25,CARM1,positive,suppresses ferroptosis,"RNF25 :+: CARM1, CARM1 :-: ACSL4, ACSL4 :+: Ferroptosis",ferrdb_suppressor
324,TRIM6,SLC1A5,positive,suppresses ferroptosis,"TRIM6 :+: SLC1A5, SLC1A5 :-: Ferroptosis",ferrdb_suppressor
325,USP8,OGT,positive,suppresses ferroptosis,"USP8 :+: OGT, OGT :+: SLC7A11, SLC7A11 :-: Ferroptosis",ferrdb_suppressor
326,OGT,SLC7A11,positive,suppresses ferroptosis,"USP8 :+: OGT, OGT :+: SLC7A11, SLC7A11 :-: Ferroptosis",ferrdb_suppressor
327,ASCL1,CREB1,positive,suppresses ferroptosis,"ASCL1 :+: CREB1, CREB1 :-: Ferroptosis",ferrdb_suppressor
328,SESN1,p21,positive,suppresses ferroptosis,"SESN1 :+: p21, p21 :-: Ferroptosis",ferrdb_suppressor
329,USP11,SIRT3,positive,suppresses ferroptosis,"USP11 :+: SIRT3, SIRT3 :-: Ferroptosis",ferrdb_suppressor
330,USP14,MFG-E8,positive,suppresses ferroptosis,"USP14 :+: MFG-E8, MFG-E8 :-: Ferroptosis",ferrdb_suppressor
331,TUG1,PDK4,positive,suppresses ferroptosis,"TUG1 :+: PDK4, PDK4 :-: Ferroptosis",ferrdb_suppressor
332,Marchf6,POMC,negative,suppresses ferroptosis,"Marchf6 :-: POMC, POMC :-: GPX4, GPX4 :-: Ferroptosis",ferrdb_suppressor
333,POMC,GPX4,negative,suppresses ferroptosis,"Marchf6 :-: POMC, POMC :-: GPX4, GPX4 :-: Ferroptosis",ferrdb_suppressor
334,SREBP1,SCD,positive,suppresses ferroptosis,"SREBP1 :+: SCD, SCD :-: Ferroptosis",ferrdb_suppressor
335,SLC35F2,SYVN1,positive,suppresses ferroptosis,"SLC35F2 :+: SYVN1, SYVN1 :+: TRIM59, TRIM59 :-: p53, p53 :+: Ferroptosis",ferrdb_suppressor
336,SYVN1,TRIM59,positive,suppresses ferroptosis,"SLC35F2 :+: SYVN1, SYVN1 :+: TRIM59, TRIM59 :-: p53, p53 :+: Ferroptosis",ferrdb_suppressor
337,TRIM59,p53,negative,suppresses ferroptosis,"SLC35F2 :+: SYVN1, SYVN1 :+: TRIM59, TRIM59 :-: p53, p53 :+: Ferroptosis",ferrdb_suppressor
338,ZC3H13,DUOX1,negative,suppresses ferroptosis,"ZC3H13 :-: DUOX1, DUOX1 :+: Ferroptosis",ferrdb_suppressor
339,PROX1,SCD,positive,suppresses ferroptosis,"PROX1 :+: SCD, SCD :-: Ferroptosis",ferrdb_suppressor
340,ACADM,GPX4,positive,suppresses ferroptosis,"ACADM :+: GPX4, GPX4 :-: Ferroptosis",ferrdb_suppressor
341,PRMT9,HSPA8,positive,suppresses ferroptosis,"PRMT9 :+: HSPA8, HSPA8 :+: CD44, CD44 :-: Ferroptosis",ferrdb_suppressor
342,HSPA8,CD44,positive,suppresses ferroptosis,"PRMT9 :+: HSPA8, HSPA8 :+: CD44, CD44 :-: Ferroptosis",ferrdb_suppressor
343,SERPINF1,GPX4,positive,promotes ferroptosis,"SERPINF1 :+: GPX4, GPX4 :-: Ferroptosis, PEDF :+: FTH1, FTH1 :-: Ferroptosis",ferrdb_suppressor
344,PEDF,FTH1,positive,promotes ferroptosis,"SERPINF1 :+: GPX4, GPX4 :-: Ferroptosis, PEDF :+: FTH1, FTH1 :-: Ferroptosis",ferrdb_suppressor
345,TMEM147,STAT2,positive,suppresses ferroptosis,"TMEM147 :+: STAT2, STAT2 :+: DHCR7, DHCR7 :+: CYP27A1, CYP27A1 :+: GPX4, GPX4 :-: Ferroptosis",ferrdb_suppressor
346,STAT2,DHCR7,positive,suppresses ferroptosis,"TMEM147 :+: STAT2, STAT2 :+: DHCR7, DHCR7 :+: CYP27A1, CYP27A1 :+: GPX4, GPX4 :-: Ferroptosis",ferrdb_suppressor
347,DHCR7,CYP27A1,positive,suppresses ferroptosis,"TMEM147 :+: STAT2, STAT2 :+: DHCR7, DHCR7 :+: CYP27A1, CYP27A1 :+: GPX4, GPX4 :-: Ferroptosis",ferrdb_suppressor
348,CYP27A1,GPX4,positive,suppresses ferroptosis,"TMEM147 :+: STAT2, STAT2 :+: DHCR7, DHCR7 :+: CYP27A1, CYP27A1 :+: GPX4, GPX4 :-: Ferroptosis",ferrdb_suppressor
349,STC2,PRMT5,positive,promotes ferroptosis,"STC2 :+: PRMT5, PRMT5 :-: Ferroptosis, STC2 :+: SLC7A11, SLC7A11 :-: Ferroptosis",ferrdb_suppressor
350,STC2,SLC7A11,positive,promotes ferroptosis,"STC2 :+: PRMT5, PRMT5 :-: Ferroptosis, STC2 :+: SLC7A11, SLC7A11 :-: Ferroptosis",ferrdb_suppressor
351,PPARGC1A,NRF1,positive,suppresses ferroptosis,"PPARGC1A :+: NRF1, NRF1 :+: GSTK1, GSTK1 :-: Ferroptosis",ferrdb_suppressor
352,NRF1,GSTK1,positive,suppresses ferroptosis,"PPARGC1A :+: NRF1, NRF1 :+: GSTK1, GSTK1 :-: Ferroptosis",ferrdb_suppressor
353,WBP2,GPX4,positive,suppresses ferroptosis,"WBP2 :+: GPX4, GPX4 :-: Ferroptosis",ferrdb_suppressor
354,EIF2AK3,SLC7A11,positive,suppresses ferroptosis,"EIF2AK3 :+: SLC7A11, SLC7A11 :-: Ferroptosis",ferrdb_suppressor
355,EREG,GPX4,positive,suppresses ferroptosis,"EREG :+: GPX4, GPX4 :-: Ferroptosis",ferrdb_suppressor
356,CAPG,p53,negative,suppresses ferroptosis,"CAPG :-: p53, p53 :+: Ferroptosis",ferrdb_suppressor
357,FGF10,SIRT1,positive,suppresses ferroptosis,"FGF10 :+: SIRT1, SIRT1 :+: NRF2, NRF2 :-: Ferroptosis",ferrdb_suppressor
358,SIRT1,NRF2,positive,suppresses ferroptosis,"FGF10 :+: SIRT1, SIRT1 :+: NRF2, NRF2 :-: Ferroptosis",ferrdb_suppressor
359,SYVN1,HMGB1,negative,suppresses ferroptosis,"SYVN1 :-: HMGB1, HMGB1 :-: (NRF2/HO-1), (NRF2/HO-1) :-: Ferroptosis",ferrdb_suppressor
360,HDAC6,HSPA5,positive,suppresses ferroptosis,"HDAC6 :+: HSPA5, HSPA5 :-: Ferroptosis",ferrdb_suppressor
361,PDIA4,ATF4,positive,suppresses ferroptosis,"PDIA4 :+: ATF4, ATF4 :+: SLC7A11, SLC7A11 :-: Ferroptosis",ferrdb_suppressor
362,ATF4,SLC7A11,positive,suppresses ferroptosis,"PDIA4 :+: ATF4, ATF4 :+: SLC7A11, SLC7A11 :-: Ferroptosis",ferrdb_suppressor
363,B3GNT3,SLC3A2,positive,suppresses ferroptosis,"B3GNT3 :+: SLC3A2, SLC3A2 :-: Ferroptosis",ferrdb_suppressor
364,TRIM26,GPX4,positive,suppresses ferroptosis,"TRIM26 :+: GPX4, GPX4 :-: Ferroptosis",ferrdb_suppressor
365,Apoc1,GPX4,positive,suppresses ferroptosis,"Apoc1 :+: GPX4, GPX4 :-: Ferroptosis",ferrdb_suppressor
366,HACE1,NRF2,positive,suppresses ferroptosis,"HACE1 :+: NRF2, NRF2 :-: Ferroptosis",ferrdb_suppressor
367,AIM2,ACSL4,negative,suppresses ferroptosis,"AIM2 :-: ACSL4, ACSL4 :+: Ferroptosis",ferrdb_suppressor
368,PCBP1,LACTB,negative,suppresses ferroptosis,"PCBP1 :-: LACTB, LACTB :-: PISD, PISD :-: Ferroptosis",ferrdb_suppressor
369,LACTB,PISD,negative,suppresses ferroptosis,"PCBP1 :-: LACTB, LACTB :-: PISD, PISD :-: Ferroptosis",ferrdb_suppressor
370,NFE2L1,HJURP,positive,suppresses ferroptosis,"NFE2L1 :+: HJURP, HJURP :-: Ferroptosis",ferrdb_suppressor
371,KDM1A,ATF4,negative,suppresses ferroptosis,"KDM1A :-: ATF4, ATF4 :+: xCT, xCT :+: Ferroptosis",ferrdb_suppressor
372,PGAM5,Keap1,negative,suppresses ferroptosis,"PGAM5 :-: Keap1, Keap1 :-: Nrf2, Nrf2 :-: Ferroptosis",ferrdb_suppressor
373,Keap1,Nrf2,negative,suppresses ferroptosis,"PGAM5 :-: Keap1, Keap1 :-: Nrf2, Nrf2 :-: Ferroptosis",ferrdb_suppressor
374,STEAP3,EGFR,positive,suppresses ferroptosis,"STEAP3 :+: EGFR, EGFR :-: Ferroptosis",ferrdb_suppressor
375,ZNF488,SCD1,positive,suppresses ferroptosis,"ZNF488 :+: SCD1, SCD1 :-: Ferroptosis",ferrdb_suppressor
376,FANCD2,JAK2,positive,suppresses ferroptosis,"FANCD2 :+: JAK2, JAK2 :+: STAT3, STAT3 :-: Ferroptosis",ferrdb_suppressor
377,JAK2,STAT3,positive,suppresses ferroptosis,"FANCD2 :+: JAK2, JAK2 :+: STAT3, STAT3 :-: Ferroptosis",ferrdb_suppressor
378,FHOD1,HSPB1,positive,suppresses ferroptosis,"FHOD1 :+: HSPB1, HSPB1 :-: Ferroptosis",ferrdb_suppressor
379,BRD4,FSP1,positive,suppresses ferroptosis,"BRD4 :+: FSP1, FSP1 :-: Ferroptosis",ferrdb_suppressor
380,SRC,p62,positive,suppresses ferroptosis,"SRC :+: p62, p62 :-: KEAP1, KEAP1 :-: NRF2, NRF2 :-: Ferroptosis",ferrdb_suppressor
381,p62,KEAP1,negative,suppresses ferroptosis,"SRC :+: p62, p62 :-: KEAP1, KEAP1 :-: NRF2, NRF2 :-: Ferroptosis",ferrdb_suppressor
382,MTCH1,FoxO1,positive,suppresses ferroptosis,"MTCH1 :+: FoxO1, FoxO1 :+: GPX4, GPX4 :-: Ferroptosis",ferrdb_suppressor
383,FoxO1,GPX4,positive,suppresses ferroptosis,"MTCH1 :+: FoxO1, FoxO1 :+: GPX4, GPX4 :-: Ferroptosis",ferrdb_suppressor
384,SLC38A5,SREBP1,positive,suppresses ferroptosis,"SLC38A5 :+: SREBP1, SREBP1 :+: SCD1, SCD1 :-: Ferroptosis",ferrdb_suppressor
385,EIF3H,OGT,positive,suppresses ferroptosis,"EIF3H :+: OGT, OGT :-: Ferroptosis",ferrdb_suppressor
386,PRKD2,FTH1,positive,suppresses ferroptosis,"PRKD2 :+: FTH1, FTH1 :-: Ferroptosis",ferrdb_suppressor
387,PGAM1,AKT,positive,suppresses ferroptosis,"PGAM1 :+: AKT, AKT :+: LCN2, LCN2 :-: Ferroptosis",ferrdb_suppressor
388,AKT,LCN2,positive,suppresses ferroptosis,"PGAM1 :+: AKT, AKT :+: LCN2, LCN2 :-: Ferroptosis",ferrdb_suppressor
389,SIRT1,p53,negative,suppresses ferroptosis,"SIRT1 :-: p53, p53 :+: Ferroptosis",ferrdb_suppressor
390,TP53,SLC7A11,negative,suppresses ferroptosis,"TP53 :-: SLC7A11, SLC7A11 :-: GPX4, GPX4 :-: Ferroptosis",ferrdb_suppressor
391,SLC7A11,GPX4,negative,suppresses ferroptosis,"TP53 :-: SLC7A11, SLC7A11 :-: GPX4, GPX4 :-: Ferroptosis",ferrdb_suppressor
392,MEX3A,p53,negative,suppresses ferroptosis,"MEX3A :-: p53, p53 :+: Ferroptosis",ferrdb_suppressor
393,FBXL5,IRP2,negative,suppresses ferroptosis,"FBXL5 :-: IRP2, IRP2 :+: Ferroptosis",ferrdb_suppressor
394,CYP1B1,FBXO10,positive,suppresses ferroptosis,"CYP1B1 :+: FBXO10 , FBXO10 :-: ACSL4, ACSL4 :+: Ferroptosis",ferrdb_suppressor
395,FBXO10,ACSL4,negative,suppresses ferroptosis,"CYP1B1 :+: FBXO10 , FBXO10 :-: ACSL4, ACSL4 :+: Ferroptosis",ferrdb_suppressor
396,DCLK3,TCF4,positive,suppresses ferroptosis,"DCLK3 :+: TCF4, TCF4 :-: Ferroptosis",ferrdb_suppressor
397,SLC12A5,xCT,positive,suppresses ferroptosis,"SLC12A5 :+: xCT, xCT :-: Feerroptosis",ferrdb_suppressor
398,UTP11,NRF2,positive,suppresses ferroptosis,"UTP11 :+: NRF2, NRF2 :+: SLC7A11, SLC7A11 :-: Ferroptosis",ferrdb_suppressor
399,TRIM11,AMPK,positive,suppresses ferroptosis,"TRIM11 :+: AMPK, AMPK :-: Ferroptosis",ferrdb_suppressor
400,DPP9,NRF2,positive,suppresses ferroptosis,"DPP9 :+: NRF2, NRF2 :+: SLC7A11, SLC7A11 :-: Ferroptosis",ferrdb_suppressor
401,CARM1,GPX4,positive,suppresses ferroptosis,"CARM1 :+: GPX4, GPX4 :-: Ferroptosis",ferrdb_suppressor
402,NAT10,SLC7A11,positive,suppresses ferroptosis,"NAT10 :+: SLC7A11, SLC7A11 :-: Ferroptosis",ferrdb_suppressor
403,MAT2A,STAT3,positive,suppresses ferroptosis,"MAT2A :+:STAT3, STAT3 :+: SLC7A11, SLC7A11 :-: Ferroptosis",ferrdb_suppressor
404,NR0B1,NRF2,positive,promotes ferroptosis,"NR0B1 :+: NRF2, NRF2 :+: CBS, CBS :-: Ferroptosis, NR0B1 :+: c-JUN, c-JUN :+: CBS, CBS :-: Ferroptosis",ferrdb_suppressor
405,NRF2,CBS,positive,promotes ferroptosis,"NR0B1 :+: NRF2, NRF2 :+: CBS, CBS :-: Ferroptosis, NR0B1 :+: c-JUN, c-JUN :+: CBS, CBS :-: Ferroptosis",ferrdb_suppressor
406,NR0B1,c-JUN,positive,promotes ferroptosis,"NR0B1 :+: NRF2, NRF2 :+: CBS, CBS :-: Ferroptosis, NR0B1 :+: c-JUN, c-JUN :+: CBS, CBS :-: Ferroptosis",ferrdb_suppressor
407,c-JUN,CBS,positive,promotes ferroptosis,"NR0B1 :+: NRF2, NRF2 :+: CBS, CBS :-: Ferroptosis, NR0B1 :+: c-JUN, c-JUN :+: CBS, CBS :-: Ferroptosis",ferrdb_suppressor
408,WTAP,LCN2,positive,suppresses ferroptosis,"WTAP :+: LCN2, LCN2 :-: Ferroptosis",ferrdb_suppressor
409,AHR,SLC7A11,positive,suppresses ferroptosis,"AHR :+: SLC7A11, SLC7A11 :-: Ferroptosis",ferrdb_suppressor
410,CENPA,STMN1,positive,suppresses ferroptosis,"CENPA :+: STMN1, STMN1 :-: Ferroptosis",ferrdb_suppressor
411,EMP2,GPX4,positive,suppresses ferroptosis,"EMP2 :+: GPX4, GPX4 :-: Ferroptosis",ferrdb_suppressor
412,DHODH,mTOR,positive,suppresses ferroptosis,"DHODH :+: mTOR, mTOR :-: Ferroptosis",ferrdb_suppressor
413,YAP1,SLC1A5,positive,promotes ferroptosis,"YAP1 :+: SLC1A5, SLC1A5 :-: Ferroptosis, YAP1 :+: GLS1, GLS1 :-: Ferroptosis",ferrdb_suppressor
414,YAP1,GLS1,positive,promotes ferroptosis,"YAP1 :+: SLC1A5, SLC1A5 :-: Ferroptosis, YAP1 :+: GLS1, GLS1 :-: Ferroptosis",ferrdb_suppressor
415,ACSL1,FSP1,positive,promotes ferroptosis,"ACSL1 :+: FSP1, FSP1 :-: Ferroptosis, ACSL1 :+: SLC7A11, SLC7A11 :-: Ferroptosis",ferrdb_suppressor
416,ACSL1,SLC7A11,positive,promotes ferroptosis,"ACSL1 :+: FSP1, FSP1 :-: Ferroptosis, ACSL1 :+: SLC7A11, SLC7A11 :-: Ferroptosis",ferrdb_suppressor
417,CNIH4,SLC7A11,positive,promotes ferroptosis,"CNIH4 :+: SLC7A11, SLC7A11 :-: Ferroptosis, CNIH4 :+: GPX4, GPX4 :-: Ferroptosis",ferrdb_suppressor
418,CNIH4,GPX4,positive,promotes ferroptosis,"CNIH4 :+: SLC7A11, SLC7A11 :-: Ferroptosis, CNIH4 :+: GPX4, GPX4 :-: Ferroptosis",ferrdb_suppressor
419,UHRF1,TXNIP,negative,suppresses ferroptosis,"UHRF1 :-: TXNIP, TXNIP :-: PINK1, PINK1 :-: Ferroptosis",ferrdb_suppressor
420,TXNIP,PINK1,negative,suppresses ferroptosis,"UHRF1 :-: TXNIP, TXNIP :-: PINK1, PINK1 :-: Ferroptosis",ferrdb_suppressor
421,HSPB1,ACSL4,negative,suppresses ferroptosis,"HSPB1 :-: ACSL4, ACSL4 :+: Ferroptosis",ferrdb_suppressor
422,IL37,NRF2,positive,suppresses ferroptosis,"IL37 :+: NRF2, NRF2 :-: Ferroptosis",ferrdb_suppressor
423,VIRMA,p53,negative,suppresses ferroptosis,"VIRMA :-: p53, p53 :+: Ferroptosis",ferrdb_suppressor
424,PRMT5,HMOX1,negative,suppresses ferroptosis,"PRMT5 :-: HMOX1, HMOX1 :+: Ferroptosis",ferrdb_suppressor
425,SIRT1,APE1,positive,suppresses ferroptosis,"SIRT1 :+: APE1, APE1 :-: p53, p53 :+: Ferroptosis",ferrdb_suppressor
426,APE1,p53,negative,suppresses ferroptosis,"SIRT1 :+: APE1, APE1 :-: p53, p53 :+: Ferroptosis",ferrdb_suppressor
427,METTL14,TRAF6,negative,suppresses ferroptosis,"METTL14 :-: TRAF6, TRAF6 :+: Ferroptosis",ferrdb_suppressor
428,CXCL8,CXCR2,positive,promotes ferroptosis,"CXCL8 :+: CXCR2, CXCR2 :+: NF-κB, NF-κB :+: SLC7A11, SLC7A11 :-: Ferroptosis, NF-κB :+: GPX4, GPX4 :-: Ferroptosis",ferrdb_suppressor
429,GATA1,GPX4,positive,suppresses ferroptosis,"GATA1 :+: GPX4, GPX4 :-: Ferroptosis",ferrdb_suppressor
430,AGER,Sirt4,positive,suppresses ferroptosis,"AGER :+: Sirt4, Sirt4 :-: Ferroptosis",ferrdb_suppressor
431,UCKL1,Nrf2,positive,suppresses ferroptosis,"UCKL1 :+: Nrf2, Nrf2 :+: SLC7A11, SLC7A11 :-: Ferroptosis",ferrdb_suppressor
432,Nrf2,SLC7A11,positive,suppresses ferroptosis,"UCKL1 :+: Nrf2, Nrf2 :+: SLC7A11, SLC7A11 :-: Ferroptosis",ferrdb_suppressor
433,VIRMA,YTHDF1,positive,suppresses ferroptosis,"VIRMA :+: YTHDF1, YTHDF1 :+: PGK1, PGK1 :-: Ferroptosis",ferrdb_suppressor
434,YTHDF1,PGK1,positive,suppresses ferroptosis,"VIRMA :+: YTHDF1, YTHDF1 :+: PGK1, PGK1 :-: Ferroptosis",ferrdb_suppressor
435,HDAC3,Yap,negative,suppresses ferroptosis,"HDAC3 :-: Yap, Yap :-: Hamp, Hamp :-: Ferroptosis",ferrdb_suppressor
436,Yap,Hamp,negative,suppresses ferroptosis,"HDAC3 :-: Yap, Yap :-: Hamp, Hamp :-: Ferroptosis",ferrdb_suppressor
437,FGF2,KLF2,positive,suppresses ferroptosis,"FGF2  :+: KLF2, KLF2 :+: NFE2L2, NFE2L2 :-: Ferroptosis",ferrdb_suppressor
438,KLF2,NFE2L2,positive,suppresses ferroptosis,"FGF2  :+: KLF2, KLF2 :+: NFE2L2, NFE2L2 :-: Ferroptosis",ferrdb_suppressor
439,USP20,SLC7A11,positive,suppresses ferroptosis,"USP20 :+: SLC7A11, SLC7A11 :-: Ferroptosis",ferrdb_suppressor
440,SCD,PPARG,positive,suppresses ferroptosis,"SCD :+: PPARG, PPARG :-: Ferroptosis",ferrdb_suppressor
441,CYBB,Nrf2,positive,suppresses ferroptosis,"CYBB :+: Nrf2, Nrf2 :+: SOD2, SOD2 :-: Ferroptosis",ferrdb_suppressor
442,Nrf2,SOD2,positive,suppresses ferroptosis,"CYBB :+: Nrf2, Nrf2 :+: SOD2, SOD2 :-: Ferroptosis",ferrdb_suppressor
443,PTPRC,TFEB,negative,suppresses ferroptosis,"PTPRC :-: TFEB, TFEB :-: FTH1, FTH1 :-: Ferroptosis",ferrdb_suppressor
444,TFEB,FTH1,negative,suppresses ferroptosis,"PTPRC :-: TFEB, TFEB :-: FTH1, FTH1 :-: Ferroptosis",ferrdb_suppressor
445,SQLE,CCNB1,positive,suppresses ferroptosis,"SQLE :+: CCNB1, CCNB1 :-: Ferroptosis",ferrdb_suppressor
446,GATA3,CYB5R2,negative,suppresses ferroptosis,"GATA3 :-: CYB5R2, CYB5R2 :+: Ferroptosis",ferrdb_suppressor
447,VIRMA,SLC7A11,positive,suppresses ferroptosis,"VIRMA :+: SLC7A11, SLC7A11 :-: Ferroptosis",ferrdb_suppressor
448,USP5,LSH,positive,suppresses ferroptosis,"USP5 :+: LSH, LSH :-: Ferroptosis",ferrdb_suppressor
449,AKT1,GPX4,positive,suppresses ferroptosis,"AKT1 :+: GPX4, GPX4 :-: Ferroptosis",ferrdb_suppressor
450,KL,Nrf2,positive,suppresses ferroptosis,"KL :+: Nrf2, Nrf2 :-: Ferroptosis",ferrdb_suppressor
451,METTL9,SLC7A11,positive,suppresses ferroptosis,"METTL9 :+: SLC7A11, SLC7A11 :-: Ferroptosis",ferrdb_suppressor
452,ELOVL5,GPX4,positive,suppresses ferroptosis,"ELOVL5 :+: GPX4, GPX4 :-: Ferroptosis",ferrdb_suppressor
453,IGFBP6,GPX4,positive,suppresses ferroptosis,"IGFBP6 :+: GPX4, GPX4 :-: Ferroptosis",ferrdb_suppressor
454,YTHDF1,METTL3,positive,suppresses ferroptosis,"YTHDF1 :+: METTL3, METTL3 :+: FTH, FTH :-: Ferroptosis",ferrdb_suppressor
455,METTL3,FTH,positive,suppresses ferroptosis,"YTHDF1 :+: METTL3, METTL3 :+: FTH, FTH :-: Ferroptosis",ferrdb_suppressor
456,KMT5A,RRAD,negative,suppresses ferroptosis,"KMT5A :-: RRAD, RRAD :+: Ferroptosis",ferrdb_suppressor
457,NDRG1,GPX4,positive,suppresses ferroptosis,"NDRG1 :+: GPX4, GPX4 :-: Ferroptosis",ferrdb_suppressor
458,ACAT2,GPX4,positive,suppresses ferroptosis,"ACAT2 :+: GPX4, GPX4 :-: Ferroptosis",ferrdb_suppressor
459,NFKB2,LCN2,positive,suppresses ferroptosis,"NFKB2 :+: LCN2, LCN2 :+: FPN1, FPN1 :-: Ferroptosis",ferrdb_suppressor
460,LCN2,FPN1,positive,suppresses ferroptosis,"NFKB2 :+: LCN2, LCN2 :+: FPN1, FPN1 :-: Ferroptosis",ferrdb_suppressor
